seed,lambda
451221,3.132293
421462,3.196680
884124,3.261076
534785,3.325468
556343,3.389859
519038,3.454251
688720,3.518641
510637,3.583022
343170,3.647545
96032,3.711816
